sku,nome,preco,estoque
2384,EXCITANTE VIBRATION ALGODÃO DOCE,0,5
2390,LUBRIFICANTE SILICONADO VELUDÃO INTT,0,6
2392,ESPUMA HIGIENIZADORA INTIMA AFRODISIACA INTT,0,2
2504,GEL EXCITANTE E VIBRATORIO LADY GOZZY,0,2
2529,HIGIENIZADOR LIMPA TOYS P/BRINQUEDOS,0,5
2531,OLEO ATRAÇÃO FATAL INTT,0,4
2538,LAMBUZE MORANGO - OLEO CORPORAL,0,6
2539,LAMBUZE CHICLETE - OLEO CORPORAL,0,6
2541,LAMBUZE ALGODÃO DOCE - OLEO CORPORAL,0,4
2542,LAMBUZE MENTA - OLEO CORPORAL,0,5
2543,EXCITATION CHICLETEIRA INTT,0,4
2547,EXCITANTE VIBRATION CHICLETE,0,10
2590,SABONETE INTIMO 100ML,0,2
2684,TESÃO DE TOURO ENERGETICO - TORPETO,0,85
2685,TESÃO DA VACA ENERGETICO - TORPETO,0,85
2701,GEL BEIJAVEL BLAK ICE 40ml,0,8
2706,GEL KULOKO ANAL - FACILITADOR E EXCITANTE,0,18
2707,PETALAS DE ROSAS 120UNI SEXYFANTASY,0,1
2714,ESTIMULANTE MASCULINO SUPER MACHO GEL,0,10
2715,SUPER MACHO SUPLEMENTO MASCULINO CAPSULAS,0,5
2777,PERFUME PER AMORE FEMININO INTT,0,1
2778,PERFUME EURO MAN MASCULINO INTT,0,3
2865,LUBRIFICANTE NEUTRO HOT MORANGO 50ML INTT,0,8
2867,GEL P/MASSAGEM TANTRICA INTT RU GOLD,0,4
2902,GEL EXCITANTE SUGADOR LIQUIDO SUGALIK FRUTAS VERME,0,6
3027,PERFUME SENSUAL FEROMONY ELLE MASCULINO 15ML,0,4
3073,"BOLINHAS EXCITANTES HOT BALL PLUS C/2 (ESQ/ESFRIA)",0,8
3088,SAL ESPUMANTE REFINADO P/BANHO PITANGA 30G,0,1
3147,GEL EXCITANTE PONTENCIALIZADOR FEM OGM SANTO SEXO,0,3
3151,GEL BEIJAVEL BIO LABIÉ GELATO DE MANGA 15G,0,7
3162,PERFUME AFRODISIACO MASCULINO HOMME HOTFLOWERS,0,3
3231,"JOGO CLIMAX (CARTAS E GEL BY CARLA GEANE)",0,2
3236,GEL EXCITANTE FEMININO VULVS HOT,0,7
3387,OLEO P/MASSAGEM MORANGO C/CHAMP 120ml,0,6
3630,GEL LUBRIFICANTE K MED 100G,0,10
3645,LUBRIFICANTE INTIMO HIDRATANTE BY LAURA MULLER 50M,0,7
3646,LUBRIFICANTE E HIDRATANTE INTIMO HIDRANAL,0,7
3647,EXCITANTE PERMITA-SE UNISSEX,0,6
3710,EXCITANTE MELTESÃO VIBRA E PULSA,0,10
